dataset,version,doi,license,access_date,source_url,record_id,local_path,sha256,included,exclusion_reason
MIT-BIH Polysomnographic Database,1.0.0,https://doi.org/10.13026/C23K5S,Open Data Commons Attribution License v1.0,2026-06-23,https://physionet.org/files/slpdb/1.0.0/slp01a.hea,slp01a,data/raw/mit-bih-psg/1.0.0/slp01a.hea,05bfae85818ffd2fd9586daad74c17ec47cc94d47794c11fb9d3e451a9d7c0da,true,
MIT-BIH Polysomnographic Database,1.0.0,https://doi.org/10.13026/C23K5S,Open Data Commons Attribution License v1.0,2026-06-23,https://physionet.org/files/slpdb/1.0.0/slp01a.dat,slp01a,data/raw/mit-bih-psg/1.0.0/slp01a.dat,80f04f98de84c6e342ffda59b597c70d956501f1a827cf2fea04d112c8cd7257,true,
MIT-BIH Polysomnographic Database,1.0.0,https://doi.org/10.13026/C23K5S,Open Data Commons Attribution License v1.0,2026-06-23,https://physionet.org/files/slpdb/1.0.0/slp01a.st,slp01a,data/raw/mit-bih-psg/1.0.0/slp01a.st,86bdb652919e0fe21c551fd39ed6d14fc0d28b665622dc6f0796044d368b6f04,true,
MIT-BIH Polysomnographic Database,1.0.0,https://doi.org/10.13026/C23K5S,Open Data Commons Attribution License v1.0,2026-06-23,https://physionet.org/files/slpdb/1.0.0/slp01a.ecg,slp01a,data/raw/mit-bih-psg/1.0.0/slp01a.ecg,8382c53a6c6fc5cd909b553235a1b0ed63492bfe834a68d184b611af38bf1fb2,true,
MIT-BIH Polysomnographic Database,1.0.0,https://doi.org/10.13026/C23K5S,Open Data Commons Attribution License v1.0,2026-06-23,https://physionet.org/files/slpdb/1.0.0/slp01b.hea,slp01b,data/raw/mit-bih-psg/1.0.0/slp01b.hea,ca66dbf51038dd1eadbcd0cf67ff9afdc1eed0f33a1ea2b7e954b27e44fcab4f,true,
MIT-BIH Polysomnographic Database,1.0.0,https://doi.org/10.13026/C23K5S,Open Data Commons Attribution License v1.0,2026-06-23,https://physionet.org/files/slpdb/1.0.0/slp01b.dat,slp01b,data/raw/mit-bih-psg/1.0.0/slp01b.dat,49ceffc680f3349bd7899d8e3e14cf5e9fc270bb4e27b137a70861db46cf95c6,true,
MIT-BIH Polysomnographic Database,1.0.0,https://doi.org/10.13026/C23K5S,Open Data Commons Attribution License v1.0,2026-06-23,https://physionet.org/files/slpdb/1.0.0/slp01b.st,slp01b,data/raw/mit-bih-psg/1.0.0/slp01b.st,19425e9b3e4a54c218cdef9b028c7c6097d9c6f692d4a53bb8adfa49f15a8acb,true,
MIT-BIH Polysomnographic Database,1.0.0,https://doi.org/10.13026/C23K5S,Open Data Commons Attribution License v1.0,2026-06-23,https://physionet.org/files/slpdb/1.0.0/slp01b.ecg,slp01b,data/raw/mit-bih-psg/1.0.0/slp01b.ecg,4cc7a8b63ee3ce8cef7e0d774898a008dd2e6d8740a212377d08928f1eee5d3d,true,
MIT-BIH Polysomnographic Database,1.0.0,https://doi.org/10.13026/C23K5S,Open Data Commons Attribution License v1.0,2026-06-23,https://physionet.org/files/slpdb/1.0.0/slp02a.hea,slp02a,data/raw/mit-bih-psg/1.0.0/slp02a.hea,7f7254130285b52c602f5b80f682a15a9d939faf666778f8165054db37f40570,true,
MIT-BIH Polysomnographic Database,1.0.0,https://doi.org/10.13026/C23K5S,Open Data Commons Attribution License v1.0,2026-06-23,https://physionet.org/files/slpdb/1.0.0/slp02a.dat,slp02a,data/raw/mit-bih-psg/1.0.0/slp02a.dat,3be9ecc08cef24b714374e51324b5b53ef05d8b4ab1dfc25b007b38d0bcbd00b,true,
MIT-BIH Polysomnographic Database,1.0.0,https://doi.org/10.13026/C23K5S,Open Data Commons Attribution License v1.0,2026-06-23,https://physionet.org/files/slpdb/1.0.0/slp02a.st,slp02a,data/raw/mit-bih-psg/1.0.0/slp02a.st,16be6146a870b536a1f4c73aa000ca09c94e7cc00b8378625a1154313c8fd713,true,
MIT-BIH Polysomnographic Database,1.0.0,https://doi.org/10.13026/C23K5S,Open Data Commons Attribution License v1.0,2026-06-23,https://physionet.org/files/slpdb/1.0.0/slp02a.ecg,slp02a,data/raw/mit-bih-psg/1.0.0/slp02a.ecg,bff9f0b5595d442146931f02a25a9c62d77526b157fd9b5421d3e19891aa8c7c,true,
MIT-BIH Polysomnographic Database,1.0.0,https://doi.org/10.13026/C23K5S,Open Data Commons Attribution License v1.0,2026-06-23,https://physionet.org/files/slpdb/1.0.0/slp02b.hea,slp02b,data/raw/mit-bih-psg/1.0.0/slp02b.hea,29bdb6d55deb4c74a84df103f4354e9d85355192e0567348cf26622bed311fe6,true,
MIT-BIH Polysomnographic Database,1.0.0,https://doi.org/10.13026/C23K5S,Open Data Commons Attribution License v1.0,2026-06-23,https://physionet.org/files/slpdb/1.0.0/slp02b.dat,slp02b,data/raw/mit-bih-psg/1.0.0/slp02b.dat,c02d329a66feda051cbee100b4df765b90a2c176411d83b5118f3892ad6196c3,true,
MIT-BIH Polysomnographic Database,1.0.0,https://doi.org/10.13026/C23K5S,Open Data Commons Attribution License v1.0,2026-06-23,https://physionet.org/files/slpdb/1.0.0/slp02b.st,slp02b,data/raw/mit-bih-psg/1.0.0/slp02b.st,4374ffeb5141b1c721aa93dbef52f5b821203f64b0f280da881e26e1f445b9d2,true,
MIT-BIH Polysomnographic Database,1.0.0,https://doi.org/10.13026/C23K5S,Open Data Commons Attribution License v1.0,2026-06-23,https://physionet.org/files/slpdb/1.0.0/slp02b.ecg,slp02b,data/raw/mit-bih-psg/1.0.0/slp02b.ecg,2f17a333f41ca980a7e7e0652764a260b872f7690dc55e6325498e0e0046d451,true,
MIT-BIH Polysomnographic Database,1.0.0,https://doi.org/10.13026/C23K5S,Open Data Commons Attribution License v1.0,2026-06-23,https://physionet.org/files/slpdb/1.0.0/slp03.hea,slp03,data/raw/mit-bih-psg/1.0.0/slp03.hea,9e396d763cf3fd2412f5bcbc234f6b18957df65c4a7734e8c7a587ef97a2ab24,true,
MIT-BIH Polysomnographic Database,1.0.0,https://doi.org/10.13026/C23K5S,Open Data Commons Attribution License v1.0,2026-06-23,https://physionet.org/files/slpdb/1.0.0/slp03.dat,slp03,data/raw/mit-bih-psg/1.0.0/slp03.dat,f6af00371d59af7c9ea2d48eb3ad75f71269b6c10caaa20daecbd75c7fb05d4d,true,
MIT-BIH Polysomnographic Database,1.0.0,https://doi.org/10.13026/C23K5S,Open Data Commons Attribution License v1.0,2026-06-23,https://physionet.org/files/slpdb/1.0.0/slp03.st,slp03,data/raw/mit-bih-psg/1.0.0/slp03.st,1914ba40c87bb3030f22a95eec2017140033cb1889cd585ee4f814285ab04a6d,true,
MIT-BIH Polysomnographic Database,1.0.0,https://doi.org/10.13026/C23K5S,Open Data Commons Attribution License v1.0,2026-06-23,https://physionet.org/files/slpdb/1.0.0/slp03.ecg,slp03,data/raw/mit-bih-psg/1.0.0/slp03.ecg,f13b87ecaf124c880171f109be79eca2f9bf7917c55738c391fe569448d21cf3,true,
MIT-BIH Polysomnographic Database,1.0.0,https://doi.org/10.13026/C23K5S,Open Data Commons Attribution License v1.0,2026-06-23,https://physionet.org/files/slpdb/1.0.0/slp04.hea,slp04,data/raw/mit-bih-psg/1.0.0/slp04.hea,c0edf88c7e979b60d6dd802c16ce3e12fef2c00bc4baded3de73c0b721bac249,true,
MIT-BIH Polysomnographic Database,1.0.0,https://doi.org/10.13026/C23K5S,Open Data Commons Attribution License v1.0,2026-06-23,https://physionet.org/files/slpdb/1.0.0/slp04.dat,slp04,data/raw/mit-bih-psg/1.0.0/slp04.dat,c3c5676ccae1703699cf978135977ced9c35f33ce7d52c186f4baa24a68ed399,true,
MIT-BIH Polysomnographic Database,1.0.0,https://doi.org/10.13026/C23K5S,Open Data Commons Attribution License v1.0,2026-06-23,https://physionet.org/files/slpdb/1.0.0/slp04.st,slp04,data/raw/mit-bih-psg/1.0.0/slp04.st,43a842ea1adb80e26034eb358ef1880fe875d06efd456e8451122f749eee9ae7,true,
MIT-BIH Polysomnographic Database,1.0.0,https://doi.org/10.13026/C23K5S,Open Data Commons Attribution License v1.0,2026-06-23,https://physionet.org/files/slpdb/1.0.0/slp04.ecg,slp04,data/raw/mit-bih-psg/1.0.0/slp04.ecg,b35c2ac9da67eb7f1bf61d83118f992808066ee3bbaf7ebeb1f2ac2415496d7a,true,
MIT-BIH Polysomnographic Database,1.0.0,https://doi.org/10.13026/C23K5S,Open Data Commons Attribution License v1.0,2026-06-23,https://physionet.org/files/slpdb/1.0.0/slp14.hea,slp14,data/raw/mit-bih-psg/1.0.0/slp14.hea,6d556668874f3c1c677c20c7ec4102c1ff5b1576f7ec2f27af71473de8a4d2cf,true,
MIT-BIH Polysomnographic Database,1.0.0,https://doi.org/10.13026/C23K5S,Open Data Commons Attribution License v1.0,2026-06-23,https://physionet.org/files/slpdb/1.0.0/slp14.dat,slp14,data/raw/mit-bih-psg/1.0.0/slp14.dat,ce243a0a79100032145a441d9594bae4643c5507fce8ef58ab486e6aec4e88c5,true,
MIT-BIH Polysomnographic Database,1.0.0,https://doi.org/10.13026/C23K5S,Open Data Commons Attribution License v1.0,2026-06-23,https://physionet.org/files/slpdb/1.0.0/slp14.st,slp14,data/raw/mit-bih-psg/1.0.0/slp14.st,fe89b55094dceb6c2e11eb0923616ab21520cec2663230e877524c50030f2dcf,true,
MIT-BIH Polysomnographic Database,1.0.0,https://doi.org/10.13026/C23K5S,Open Data Commons Attribution License v1.0,2026-06-23,https://physionet.org/files/slpdb/1.0.0/slp14.ecg,slp14,data/raw/mit-bih-psg/1.0.0/slp14.ecg,f29f7930c09eee131754347d68fd26c187e9021734c9b76b8f25feaea53c94ec,true,
MIT-BIH Polysomnographic Database,1.0.0,https://doi.org/10.13026/C23K5S,Open Data Commons Attribution License v1.0,2026-06-23,https://physionet.org/files/slpdb/1.0.0/slp16.hea,slp16,data/raw/mit-bih-psg/1.0.0/slp16.hea,d7679aa5d017a2bdea0804e6ea7406664acba04571c9dcfe1cd3242347167a1a,true,
MIT-BIH Polysomnographic Database,1.0.0,https://doi.org/10.13026/C23K5S,Open Data Commons Attribution License v1.0,2026-06-23,https://physionet.org/files/slpdb/1.0.0/slp16.dat,slp16,data/raw/mit-bih-psg/1.0.0/slp16.dat,bc163ab73498b65d242217c69563d8ed687449dcbe227e916023658c728f3c5b,true,
MIT-BIH Polysomnographic Database,1.0.0,https://doi.org/10.13026/C23K5S,Open Data Commons Attribution License v1.0,2026-06-23,https://physionet.org/files/slpdb/1.0.0/slp16.st,slp16,data/raw/mit-bih-psg/1.0.0/slp16.st,d7078ba59535907cf9380cd35630d8d9c0418f0f165822a256901bfb9bb7f28a,true,
MIT-BIH Polysomnographic Database,1.0.0,https://doi.org/10.13026/C23K5S,Open Data Commons Attribution License v1.0,2026-06-23,https://physionet.org/files/slpdb/1.0.0/slp16.ecg,slp16,data/raw/mit-bih-psg/1.0.0/slp16.ecg,a2c958952398673a794568d80e27e49b72b8f876dd656482393b66bd24faac5e,true,
MIT-BIH Polysomnographic Database,1.0.0,https://doi.org/10.13026/C23K5S,Open Data Commons Attribution License v1.0,2026-06-23,https://physionet.org/files/slpdb/1.0.0/slp32.hea,slp32,data/raw/mit-bih-psg/1.0.0/slp32.hea,11c3d4b268edb5a234f89554a6420fad2d19bf54f3febc21179bdb2a12e25d0a,true,
MIT-BIH Polysomnographic Database,1.0.0,https://doi.org/10.13026/C23K5S,Open Data Commons Attribution License v1.0,2026-06-23,https://physionet.org/files/slpdb/1.0.0/slp32.dat,slp32,data/raw/mit-bih-psg/1.0.0/slp32.dat,4b25218a3c054e65ab62a63c19d90822b9f629c8428cf1784b1de9263f2539da,true,
MIT-BIH Polysomnographic Database,1.0.0,https://doi.org/10.13026/C23K5S,Open Data Commons Attribution License v1.0,2026-06-23,https://physionet.org/files/slpdb/1.0.0/slp32.st,slp32,data/raw/mit-bih-psg/1.0.0/slp32.st,3801d1e911385e3c21f83466cce704f8315d247c9796051b0ca6d00c21d704c4,true,
MIT-BIH Polysomnographic Database,1.0.0,https://doi.org/10.13026/C23K5S,Open Data Commons Attribution License v1.0,2026-06-23,https://physionet.org/files/slpdb/1.0.0/slp32.ecg,slp32,data/raw/mit-bih-psg/1.0.0/slp32.ecg,716eead8c2357981de2758fae3a244e2199edab662b5b0c11766c3cf034cc713,true,
MIT-BIH Polysomnographic Database,1.0.0,https://doi.org/10.13026/C23K5S,Open Data Commons Attribution License v1.0,2026-06-23,https://physionet.org/files/slpdb/1.0.0/slp37.hea,slp37,data/raw/mit-bih-psg/1.0.0/slp37.hea,4a323af28fa7e42c4555c67aa1393ba157843e568fd802ad5ac9c9cbd527ecd0,true,
MIT-BIH Polysomnographic Database,1.0.0,https://doi.org/10.13026/C23K5S,Open Data Commons Attribution License v1.0,2026-06-23,https://physionet.org/files/slpdb/1.0.0/slp37.dat,slp37,data/raw/mit-bih-psg/1.0.0/slp37.dat,b5eda0f4de7acf3ac5820a240d485885594f7bb0cf2aac550ffb1cca5fba8483,true,
MIT-BIH Polysomnographic Database,1.0.0,https://doi.org/10.13026/C23K5S,Open Data Commons Attribution License v1.0,2026-06-23,https://physionet.org/files/slpdb/1.0.0/slp37.st,slp37,data/raw/mit-bih-psg/1.0.0/slp37.st,3b9efee3562b19a53cd9fa4beb9a19feca483ca4349471c32ffcef6308180ac5,true,
MIT-BIH Polysomnographic Database,1.0.0,https://doi.org/10.13026/C23K5S,Open Data Commons Attribution License v1.0,2026-06-23,https://physionet.org/files/slpdb/1.0.0/slp37.ecg,slp37,data/raw/mit-bih-psg/1.0.0/slp37.ecg,9b329d8cec014770d4541d42b47af812bb7be94516da0a07741aad3d6e0868d1,true,
MIT-BIH Polysomnographic Database,1.0.0,https://doi.org/10.13026/C23K5S,Open Data Commons Attribution License v1.0,2026-06-23,https://physionet.org/files/slpdb/1.0.0/slp41.hea,slp41,data/raw/mit-bih-psg/1.0.0/slp41.hea,d32a7cfe6ff6a1d13628cbc627f50cd263813829474a200cb94edc73703f3a96,true,
MIT-BIH Polysomnographic Database,1.0.0,https://doi.org/10.13026/C23K5S,Open Data Commons Attribution License v1.0,2026-06-23,https://physionet.org/files/slpdb/1.0.0/slp41.dat,slp41,data/raw/mit-bih-psg/1.0.0/slp41.dat,0b653b9e4c1541abe020b8d4223e7c4ee24fbf7482d5da3b30d1ea0072d83d43,true,
MIT-BIH Polysomnographic Database,1.0.0,https://doi.org/10.13026/C23K5S,Open Data Commons Attribution License v1.0,2026-06-23,https://physionet.org/files/slpdb/1.0.0/slp41.st,slp41,data/raw/mit-bih-psg/1.0.0/slp41.st,3aa36de8ab451afaa9666de5ee4a5f0d5b62e9745029c5178d37fdefb05bcd0c,true,
MIT-BIH Polysomnographic Database,1.0.0,https://doi.org/10.13026/C23K5S,Open Data Commons Attribution License v1.0,2026-06-23,https://physionet.org/files/slpdb/1.0.0/slp41.ecg,slp41,data/raw/mit-bih-psg/1.0.0/slp41.ecg,a8ca2027d03fb8b1b14e1ee189c62fd0bc70ed0781cd3e9752dee431e47af90b,true,
MIT-BIH Polysomnographic Database,1.0.0,https://doi.org/10.13026/C23K5S,Open Data Commons Attribution License v1.0,2026-06-23,https://physionet.org/files/slpdb/1.0.0/slp45.hea,slp45,data/raw/mit-bih-psg/1.0.0/slp45.hea,83e5b6bc4a73df3c20d97ec585725f3fb34b6644dbc5656349adc983211892c4,true,
MIT-BIH Polysomnographic Database,1.0.0,https://doi.org/10.13026/C23K5S,Open Data Commons Attribution License v1.0,2026-06-23,https://physionet.org/files/slpdb/1.0.0/slp45.dat,slp45,data/raw/mit-bih-psg/1.0.0/slp45.dat,9e855c0aafb81120bc9ebcc160c649dfee37ec2bba22621563aee65e206f9906,true,
MIT-BIH Polysomnographic Database,1.0.0,https://doi.org/10.13026/C23K5S,Open Data Commons Attribution License v1.0,2026-06-23,https://physionet.org/files/slpdb/1.0.0/slp45.st,slp45,data/raw/mit-bih-psg/1.0.0/slp45.st,a6a0991064d1759bd1ee3c61cb40dba90f431c2b34b8fb1c82c6fe1290ce3980,true,
MIT-BIH Polysomnographic Database,1.0.0,https://doi.org/10.13026/C23K5S,Open Data Commons Attribution License v1.0,2026-06-23,https://physionet.org/files/slpdb/1.0.0/slp45.ecg,slp45,data/raw/mit-bih-psg/1.0.0/slp45.ecg,bcf134d037da9ed5b5b46e63ed7fd612476488d50e02a94c636c40804f6843aa,true,
MIT-BIH Polysomnographic Database,1.0.0,https://doi.org/10.13026/C23K5S,Open Data Commons Attribution License v1.0,2026-06-23,https://physionet.org/files/slpdb/1.0.0/slp48.hea,slp48,data/raw/mit-bih-psg/1.0.0/slp48.hea,e567bd19920024cc94bd61ed8b93814712d4746163f5351b2ac102cd910eb8f1,true,
MIT-BIH Polysomnographic Database,1.0.0,https://doi.org/10.13026/C23K5S,Open Data Commons Attribution License v1.0,2026-06-23,https://physionet.org/files/slpdb/1.0.0/slp48.dat,slp48,data/raw/mit-bih-psg/1.0.0/slp48.dat,7d41a9459b88348d2ca4921b044aa1fb58bc3ad58afccac175bb55efb58b5fb4,true,
MIT-BIH Polysomnographic Database,1.0.0,https://doi.org/10.13026/C23K5S,Open Data Commons Attribution License v1.0,2026-06-23,https://physionet.org/files/slpdb/1.0.0/slp48.st,slp48,data/raw/mit-bih-psg/1.0.0/slp48.st,3a175193794016b0435d750512452a1ab445d8f55de3551a1e6c839cc82a07c8,true,
MIT-BIH Polysomnographic Database,1.0.0,https://doi.org/10.13026/C23K5S,Open Data Commons Attribution License v1.0,2026-06-23,https://physionet.org/files/slpdb/1.0.0/slp48.ecg,slp48,data/raw/mit-bih-psg/1.0.0/slp48.ecg,e86982cf71cf40bca0df6b597b266196a3e3048be1b1f743bb4cd8503aa807f4,true,
MIT-BIH Polysomnographic Database,1.0.0,https://doi.org/10.13026/C23K5S,Open Data Commons Attribution License v1.0,2026-06-23,https://physionet.org/files/slpdb/1.0.0/slp59.hea,slp59,data/raw/mit-bih-psg/1.0.0/slp59.hea,151ec0998358d3541e2840f90388f5cbf65d3d9038d8bb00adeb8a3a1ff3127c,true,
MIT-BIH Polysomnographic Database,1.0.0,https://doi.org/10.13026/C23K5S,Open Data Commons Attribution License v1.0,2026-06-23,https://physionet.org/files/slpdb/1.0.0/slp59.dat,slp59,data/raw/mit-bih-psg/1.0.0/slp59.dat,18c6a76d53a92eaf3067ebe13342cb0360ba030d230668d58fd020aca7255c4f,true,
MIT-BIH Polysomnographic Database,1.0.0,https://doi.org/10.13026/C23K5S,Open Data Commons Attribution License v1.0,2026-06-23,https://physionet.org/files/slpdb/1.0.0/slp59.st,slp59,data/raw/mit-bih-psg/1.0.0/slp59.st,15f113de15a3e13985781a866bda932c6749544e0d6115f866a3a0031d21e261,true,
MIT-BIH Polysomnographic Database,1.0.0,https://doi.org/10.13026/C23K5S,Open Data Commons Attribution License v1.0,2026-06-23,https://physionet.org/files/slpdb/1.0.0/slp59.ecg,slp59,data/raw/mit-bih-psg/1.0.0/slp59.ecg,529c1ff545eb52605d0538270b28d40a54733eeb9e36e4d2976fc81d9eabd5d3,true,
MIT-BIH Polysomnographic Database,1.0.0,https://doi.org/10.13026/C23K5S,Open Data Commons Attribution License v1.0,2026-06-23,https://physionet.org/files/slpdb/1.0.0/slp60.hea,slp60,data/raw/mit-bih-psg/1.0.0/slp60.hea,d1f8b22a3c6a075737ce25c9ca97fbbe0f781dcd142d0e9a91b0afb6639051c2,true,
MIT-BIH Polysomnographic Database,1.0.0,https://doi.org/10.13026/C23K5S,Open Data Commons Attribution License v1.0,2026-06-23,https://physionet.org/files/slpdb/1.0.0/slp60.dat,slp60,data/raw/mit-bih-psg/1.0.0/slp60.dat,9607df91403715f64d2cf09749e2944b0dc1860b43a37b0d3b8ef48a2a69830b,true,
MIT-BIH Polysomnographic Database,1.0.0,https://doi.org/10.13026/C23K5S,Open Data Commons Attribution License v1.0,2026-06-23,https://physionet.org/files/slpdb/1.0.0/slp60.st,slp60,data/raw/mit-bih-psg/1.0.0/slp60.st,59c37231a31dc420e768e3cb801e14e6da6fcdda3e4c5aa148a893e037db95e8,true,
MIT-BIH Polysomnographic Database,1.0.0,https://doi.org/10.13026/C23K5S,Open Data Commons Attribution License v1.0,2026-06-23,https://physionet.org/files/slpdb/1.0.0/slp60.ecg,slp60,data/raw/mit-bih-psg/1.0.0/slp60.ecg,daa488a037555b104d4a170ece41b5b4d88eae456728aa0130d6ba0365aab560,true,
MIT-BIH Polysomnographic Database,1.0.0,https://doi.org/10.13026/C23K5S,Open Data Commons Attribution License v1.0,2026-06-23,https://physionet.org/files/slpdb/1.0.0/slp61.hea,slp61,data/raw/mit-bih-psg/1.0.0/slp61.hea,7f06b762a77168d101ebfbf62a779a4b578c7d5e85bb232e6fd6ebe772609ddf,true,
MIT-BIH Polysomnographic Database,1.0.0,https://doi.org/10.13026/C23K5S,Open Data Commons Attribution License v1.0,2026-06-23,https://physionet.org/files/slpdb/1.0.0/slp61.dat,slp61,data/raw/mit-bih-psg/1.0.0/slp61.dat,030949c4049bbb7762fb2b8e8d618a897eafe1b6b54ae6eebc971de35320c792,true,
MIT-BIH Polysomnographic Database,1.0.0,https://doi.org/10.13026/C23K5S,Open Data Commons Attribution License v1.0,2026-06-23,https://physionet.org/files/slpdb/1.0.0/slp61.st,slp61,data/raw/mit-bih-psg/1.0.0/slp61.st,cdea9299104e405e00c05f10f63b105307aa630b5e8faf85372df5ef8b69c376,true,
MIT-BIH Polysomnographic Database,1.0.0,https://doi.org/10.13026/C23K5S,Open Data Commons Attribution License v1.0,2026-06-23,https://physionet.org/files/slpdb/1.0.0/slp61.ecg,slp61,data/raw/mit-bih-psg/1.0.0/slp61.ecg,6f05e1e4300ab80923c7c14ce4922c014b19abeb756308efda55b98244f7bcce,true,
MIT-BIH Polysomnographic Database,1.0.0,https://doi.org/10.13026/C23K5S,Open Data Commons Attribution License v1.0,2026-06-23,https://physionet.org/files/slpdb/1.0.0/slp66.hea,slp66,data/raw/mit-bih-psg/1.0.0/slp66.hea,f2d35951d2d1d92cec6f01b888733040b42841ce22fb30a15b3709c24043c412,true,
MIT-BIH Polysomnographic Database,1.0.0,https://doi.org/10.13026/C23K5S,Open Data Commons Attribution License v1.0,2026-06-23,https://physionet.org/files/slpdb/1.0.0/slp66.dat,slp66,data/raw/mit-bih-psg/1.0.0/slp66.dat,b0db8330b5af467aa96f7fba3a4f67e5e66d25f7d062c78611a228257a4c0e63,true,
MIT-BIH Polysomnographic Database,1.0.0,https://doi.org/10.13026/C23K5S,Open Data Commons Attribution License v1.0,2026-06-23,https://physionet.org/files/slpdb/1.0.0/slp66.st,slp66,data/raw/mit-bih-psg/1.0.0/slp66.st,0244627fc7748a4f9bc62f7684e520ce602f1bb378ca3d15b25d3b92f0909669,true,
MIT-BIH Polysomnographic Database,1.0.0,https://doi.org/10.13026/C23K5S,Open Data Commons Attribution License v1.0,2026-06-23,https://physionet.org/files/slpdb/1.0.0/slp66.ecg,slp66,data/raw/mit-bih-psg/1.0.0/slp66.ecg,822d430194b2e5629b89b29595d98de769b96b54bd217b9cfb6f9c4455a7b348,true,
MIT-BIH Polysomnographic Database,1.0.0,https://doi.org/10.13026/C23K5S,Open Data Commons Attribution License v1.0,2026-06-23,https://physionet.org/files/slpdb/1.0.0/slp67x.hea,slp67x,data/raw/mit-bih-psg/1.0.0/slp67x.hea,7ccf5cdf2f0d0a9d762e73077bdb43010356b0e1ce707526a721f59f7f20da49,true,
MIT-BIH Polysomnographic Database,1.0.0,https://doi.org/10.13026/C23K5S,Open Data Commons Attribution License v1.0,2026-06-23,https://physionet.org/files/slpdb/1.0.0/slp67x.dat,slp67x,data/raw/mit-bih-psg/1.0.0/slp67x.dat,bb8e542197753866c51eb1a2f7a3d84e3cc18136a612120d68297565ae1a7938,true,
MIT-BIH Polysomnographic Database,1.0.0,https://doi.org/10.13026/C23K5S,Open Data Commons Attribution License v1.0,2026-06-23,https://physionet.org/files/slpdb/1.0.0/slp67x.st,slp67x,data/raw/mit-bih-psg/1.0.0/slp67x.st,954210aeabd664d9bb70640a240be46f10c69784e7cf7fdf06ac444aa07405d8,true,
MIT-BIH Polysomnographic Database,1.0.0,https://doi.org/10.13026/C23K5S,Open Data Commons Attribution License v1.0,2026-06-23,https://physionet.org/files/slpdb/1.0.0/slp67x.ecg,slp67x,data/raw/mit-bih-psg/1.0.0/slp67x.ecg,90523d897642dbc8376d825845b32d65906bdd78176fbfef7f616ca488fe02a6,true,
